Date,Adj Close,Return Rate
2012/10/8,83.305702,-0.016872266
2012/10/9,81.900146,0.019269172
2012/10/10,83.478294,-0.031902269
2012/10/11,80.815147,-0.007831502
2012/10/12,80.182243,-0.010661251
2012/10/15,79.3274,0.005077237
2012/10/16,79.730164,-0.002267862
2012/10/17,79.549347,-0.004649894
2012/10/18,79.179451,-0.016090349
2012/10/19,77.905426,0.002321071
2012/10/22,78.08625,0.0018947
2012/10/23,78.2342,0.004622825
2012/10/24,78.595863,0.010457968
2012/10/25,79.417816,0.00331199
2012/10/26,79.680847,0.015370268
2012/10/31,80.905563,-0.01320746
2012/11/1,79.837006,-0.010397935
2012/11/2,79.006866,0.016749608
2012/11/5,80.3302,0.010846294
2012/11/6,81.201485,-0.015082446
2012/11/7,79.976768,-0.026310641
2012/11/8,77.872528,0.007599856
2012/11/9,78.464348,0.005447327
2012/11/12,78.891769,-0.003021418
2012/11/13,78.653404,-0.009904199
2012/11/14,77.874405,0.013019785
2012/11/15,78.888313,-0.000104249
2012/11/16,78.880089,0.009196275
2012/11/19,79.605492,0.005695198
2012/11/20,80.058861,-0.003912621
2012/11/21,79.745621,0.012197648
2012/11/23,80.71833,-0.016952407
2012/11/26,79.34996,0.002596977
2012/11/27,79.55603,0.062895308
2012/11/28,84.559731,-0.006823981
2012/11/29,83.982697,0.02002347
2012/11/30,85.664322,0.00644734
2012/12/3,86.216629,-0.001816807
2012/12/4,86.05999,0.014846911
2012/12/5,87.337715,-0.004850917
2012/12/6,86.914047,0.000913799
2012/12/7,86.993469,0.003957148
2012/12/10,87.337715,-0.006467939
2012/12/11,86.77282,-0.006001246
2012/12/12,86.252075,0.001330182
2012/12/13,86.366806,-0.009504543
2012/12/14,85.545929,0.019191048
2012/12/17,87.187645,0.010933545
2012/12/18,88.140915,-0.011816521
2012/12/19,87.099396,0.005269394
2012/12/20,87.558357,0.002923467
2012/12/21,87.814331,-0.000502435
2012/12/24,87.77021,-0.007642844
2012/12/26,87.099396,-0.007701718
2012/12/27,86.428581,-0.009701744
2012/12/28,85.590073,0.01814999
2012/12/31,87.143532,0.027549721
2013/1/2,89.544312,0.01025155
2013/1/3,90.46228,-0.003220016
2013/1/4,90.17099,-0.007732875
2013/1/7,89.473709,-0.001874394
2013/1/8,89.306,0.000494043
2013/1/9,89.350121,-0.004840284
2013/1/10,88.917641,-0.004566259
2013/1/11,88.51162,0.000897475
2013/1/14,88.591057,0.007771315
2013/1/15,89.279526,0.003756696
2013/1/16,89.614922,-0.005614087
2013/1/17,89.111816,0.002376958
2013/1/18,89.323631,0.009387829
2013/1/22,90.162186,-0.00029397
2013/1/23,90.135681,0.007540122
2013/1/24,90.815315,-0.00515107
2013/1/25,90.347519,0.001270218
2013/1/28,90.46228,0.008488521
2013/1/29,91.230171,-0.008030457
2013/1/30,90.497551,-0.001852934
2013/1/31,90.329865,0.017686144
2013/2/1,91.927452,-0.016034372
2013/2/4,90.453453,0.008098994
2013/2/5,91.186035,-0.012956809
2013/2/6,90.004555,0.001474936
2013/2/7,90.137306,0.009229275
2013/2/8,90.969208,-0.007782853
2013/2/11,90.261208,-0.002255155
2013/2/12,90.057655,-0.001277437
2013/2/13,89.942612,0.003837314
2013/2/14,90.28775,0.001470487
2013/2/15,90.420517,-0.002642686
2013/2/19,90.181564,-0.008047011
2013/2/20,89.455872,-0.003858461
2013/2/21,89.11071,0.004668014
2013/2/22,89.52668,-0.010577406
2013/2/25,88.57972,-0.006394398
2013/2/26,88.013306,0.012870838
2013/2/27,89.146111,0.0055593
2013/2/28,89.641701,0.001283711
2013/3/1,89.756775,0.019818437
2013/3/4,91.535614,-0.002707176
2013/3/5,91.287811,-0.0057198
2013/3/6,90.765663,-0.005752957
2013/3/7,90.243492,0.010493643
2013/3/8,91.190475,-0.005823119
2013/3/11,90.659462,0.012788185
2013/3/12,91.818832,-0.003181003
2013/3/13,91.526756,-0.004931312
2013/3/14,91.075409,-0.011271934
2013/3/15,90.048813,-0.000687882
2013/3/18,89.98687,0.004327254
2013/3/19,90.376266,0.009400554
2013/3/20,91.225853,0.004268658
2013/3/21,91.615265,0.015359264
2013/3/22,93.022408,0.003424927
2013/3/25,93.341003,0.004740907
2013/3/26,93.783524,0.006322443
2013/3/27,94.376465,-0.004970127
2013/3/28,93.907402,-0.002827125
2013/4/1,93.641914,0.017673208
2013/4/2,95.296867,-0.012258672
2013/4/3,94.128654,0
2013/4/4,94.128654,-0.005265187
2013/4/5,93.633049,0.011720595
2013/4/8,94.730484,-0.011677835
2013/4/9,93.624237,-0.000378438
2013/4/10,93.588806,0.002458905
2013/4/11,93.818932,0.001131733
2013/4/12,93.92511,-0.018091051
2013/4/15,92.225906,0.012858708
2013/4/16,93.411812,-0.007389943
2013/4/17,92.721504,-0.011071822
2013/4/18,91.694908,0.008107157
2013/4/19,92.438293,0.00679767
2013/4/22,93.066658,0.019874604
2013/4/23,94.916321,0.005407816
2013/4/24,95.429611,0.012055818
2013/4/25,96.580093,0.001283132
2013/4/26,96.704018,-0.005856954
2013/4/29,96.137627,-0.001841298
2013/4/30,95.960609,-0.001936826
2013/5/1,95.77475,0.004342971
2013/5/2,96.190697,0.009752606
2013/5/3,97.128807,-0.006013726
2013/5/6,96.544701,0.005683678
2013/5/7,97.09343,-0.000911668
2013/5/8,97.004913,-0.004287896
2013/5/9,96.588966,0.007788084
2013/5/10,97.341209,0.000181999
2013/5/13,97.358925,0.012544284
2013/5/14,98.580223,0.015664298
2013/5/15,100.124413,-0.011611304
2013/5/16,98.961838,0.013810212
2013/5/17,100.328522,-0.009111078
2013/5/20,99.414421,0.013033703
2013/5/21,100.710159,-0.000881421
2013/5/22,100.621391,-0.001675757
2013/5/23,100.452774,0.010601718
2013/5/24,101.517746,0.003846342
2013/5/28,101.908218,-0.016371928
2013/5/29,100.239784,-0.009473205
2013/5/30,99.290192,-0.020110858
2013/5/31,97.293381,0.01140205
2013/6/3,98.402725,-0.001984284
2013/6/4,98.207466,-0.013464781
2013/6/5,96.885124,0.017587396
2013/6/6,98.589081,-0.004590914
2013/6/7,98.136467,-0.002441437
2013/6/10,97.896873,-0.002629144
2013/6/11,97.639488,-0.005635343
2013/6/12,97.089256,0.013528469
2013/6/13,98.402725,0.001082358
2013/6/14,98.509232,0.00630616
2013/6/17,99.130447,0.003491591
2013/6/18,99.47657,-0.016950675
2013/6/19,97.790375,-0.023868003
2013/6/20,95.456314,0.01013384
2013/6/21,96.423653,0.009112121
2013/6/24,97.302277,0.005563364
2013/6/25,97.843605,0.00843538
2013/6/26,98.668953,0.002788506
2013/6/27,98.944092,-0.008251963
2013/6/28,98.127609,-0.001266229
2013/7/1,98.003357,0.003803196
2013/7/2,98.376083,0.000541249
2013/7/3,98.429329,0.007663935
2013/7/5,99.183685,0.007695036
2013/7/8,99.946907,0.006482172
2013/7/9,100.59478,0.002646459
2013/7/10,100.861,0.019709759
2013/7/11,102.848946,0.004918543
2013/7/12,103.354813,-0.00489447
2013/7/15,102.848946,0.005522662
2013/7/16,103.416946,0.007465778
2013/7/17,104.189034,-0.002896255
2013/7/18,103.887276,0.00862814
2013/7/19,104.78363,-0.000169568
2013/7/22,104.765862,0.008894854
2013/7/23,105.697739,-0.010075788
2013/7/24,104.632751,-0.003816635
2013/7/25,104.233406,-0.007492636
2013/7/26,103.452423,0.004889774
2013/7/29,103.958282,-0.001792738
2013/7/30,103.771912,0.004190537
2013/7/31,104.206772,0.007835143
2013/8/1,105.023247,0.008703721
2013/8/2,105.93734,0.005864278
2013/8/5,106.558586,-0.004747173
2013/8/6,106.052734,0.001258374
2013/8/7,106.186188,-0.016339809
2013/8/8,104.451126,-0.014992821
2013/8/9,102.885109,0.00086479
2013/8/12,102.974083,-0.000691339
2013/8/13,102.902893,-0.016169409
2013/8/14,101.239014,-0.017489829
2013/8/15,99.468361,0.00098378
2013/8/16,99.566216,0.001608688
2013/8/19,99.726387,0.006781024
2013/8/20,100.402634,-0.007798799
2013/8/21,99.619614,0.002500963
2013/8/22,99.868759,0.007394805
2013/8/23,100.607269,-0.010612732
2013/8/26,99.539551,-0.001788023
2013/8/27,99.361572,-0.010835396
2013/8/28,98.28495,0.008419315
2013/8/29,99.112442,0.004309338
2013/8/30,99.539551,0.000983067
2013/9/3,99.637405,-0.004286623
2013/9/4,99.210297,0.027982126
2013/9/5,101.986412,-0.002355628
2013/9/6,101.74617,0.008745224
2013/9/9,102.635963,0.017078507
2013/9/10,104.388832,0.016450562
2013/9/11,106.106087,-0.008888708
2013/9/12,105.162941,-0.009814921
2013/9/13,104.130775,0.002734494
2013/9/16,104.41552,0.004772193
2013/9/17,104.913811,0.006190996
2013/9/18,105.563332,0.004720086
2013/9/19,106.0616,-0.010570357
2013/9/20,104.940491,-0.003137102
2013/9/23,104.611282,-0.010462151
2013/9/24,103.516823,-0.007993493
2013/9/25,102.689362,0.008577977
2013/9/26,103.570229,-0.005841775
2013/9/27,102.965195,-0.004752946
2013/9/30,102.475807,-0.001476134
2013/10/1,102.324539,-0.001565177
2013/10/2,102.164383,-0.003483709
2013/10/3,101.808472,0.000174828
2013/10/4,101.826271,-0.009000438
2013/10/7,100.90979,-0.010581074
2013/10/8,99.842056,0.02121026
2013/10/9,101.959732,0.009686569
2013/10/10,102.947372,0.001728689
2013/10/11,103.125336,0.003106191
2013/10/14,103.445663,-0.007741224
2013/10/15,102.644867,0.017336873
2013/10/16,104.424408,0.007668667
2013/10/17,105.225204,-0.005242499
2013/10/18,104.673561,-0.00221009
2013/10/21,104.442223,0.003663107
2013/10/22,104.824806,-0.005517263
2013/10/23,104.24646,-0.00785243
2013/10/24,103.427872,0.001720571
2013/10/25,103.605827,0.00781513
2013/10/28,104.41552,0.011930037
2013/10/29,105.661201,-0.008336712
2013/10/30,104.780334,0.002037902
2013/10/31,104.993866,0.01372884
2013/11/1,106.43531,0.006019065
2013/11/4,107.075951,-0.001745116
2013/11/5,106.889091,0.032797968
2013/11/6,110.394836,-0.010397533
2013/11/7,109.247002,0
2013/11/8,109.247002,0.001954919
2013/11/11,109.460571,-0.004633513
2013/11/12,108.953384,0.008432973
2013/11/13,109.872185,0.004627677
2013/11/14,110.380638,0.004444973
2013/11/15,110.871277,-0.007884883
2013/11/18,109.99707,0.002595105
2013/11/19,110.282524,-0.007037035
2013/11/20,109.506462,0.009204754
2013/11/21,110.514442,0.010654698
2013/11/22,111.69194,-0.000319468
2013/11/25,111.656258,7.98701E-05
2013/11/26,111.665176,0.001597821
2013/11/27,111.843597,0.000398655
2013/11/29,111.888184,-0.013872171
2013/12/2,110.336052,0.00105089
2013/12/3,110.452003,-0.00686481
2013/12/4,109.693771,-0.016426657
2013/12/5,107.891869,0.009177318
2013/12/6,108.882027,-0.003277116
2013/12/9,108.525208,-0.013315791
2013/12/10,107.080109,-0.012245785
2013/12/11,105.768829,-0.002952032
2013/12/12,105.456596,-0.002622188
2013/12/13,105.180069,0.000763519
2013/12/16,105.260376,-0.003813667
2013/12/17,104.858948,0.00808159
2013/12/18,105.706375,-0.004303742
2013/12/19,105.251442,0.004576488
2013/12/20,105.733124,0.001350059
2013/12/23,105.87587,0
2013/12/24,105.87587,-0.000505573
2013/12/26,105.822342,-0.000843092
2013/12/27,105.733124,0.002024796
2013/12/30,105.947212,0.002105039
2013/12/31,106.170235,-0.010166399
2014/1/2,105.090866,-0.004413961
2014/1/3,104.626999,-0.007587908
2014/1/6,103.833099,-0.004639147
2014/1/7,103.351402,-0.015622139
2014/1/8,101.736832,0.039105346
2014/1/9,105.715286,-0.005569081
2014/1/10,105.126549,-0.02613493
2014/1/13,102.379074,0.012721037
2014/1/14,103.681442,8.62449E-05
2014/1/15,103.690384,-0.005850089
2014/1/16,103.083786,0.006317182
2014/1/17,103.734985,-0.011694926
2014/1/21,102.521812,-0.010267122
2014/1/22,101.469208,-0.008351647
2014/1/23,100.621773,-0.005939788
2014/1/24,100.024101,0.008472238
2014/1/27,100.871529,0.011496326
2014/1/28,102.031181,-0.01879697
2014/1/29,100.113304,0.004455252
2014/1/30,100.559334,-0.003282351
2014/1/31,100.229263,-0.019401849
2014/2/3,98.28463,0.006443846
2014/2/4,98.917961,-0.003426739
2014/2/5,98.578995,0.033933507
2014/2/6,101.924126,-0.001925236
2014/2/7,101.727898,-0.001666013
2014/2/10,101.558418,0.010013104
2014/2/11,102.575333,0.001133528
2014/2/12,102.691605,0.00871003
2014/2/13,103.586052,0.002503822
2014/2/14,103.845413,-0.00637356
2014/2/18,103.183548,-0.003900709
2014/2/19,102.781059,0.001305328
2014/2/20,102.915222,-0.016252435
2014/2/21,101.242599,0.006625897
2014/2/24,101.913422,0.013340471
2014/2/25,103.272995,0.003637805
2014/2/26,103.648682,0.002933872
2014/2/27,103.952774,0.004990353
2014/2/28,104.471535,-0.008989511
2014/3/3,103.532387,0.007775345
2014/3/4,104.337387,-0.001543176
2014/3/5,104.176376,-0.027560586
2014/3/6,101.305214,0.002118953
2014/3/7,101.519875,0.009603637
2014/3/10,102.494835,0.001047106
2014/3/11,102.602158,0.004358846
2014/3/12,103.049385,-0.006943865
2014/3/13,102.333824,-0.008390901
2014/3/14,101.475151,8.81201E-05
2014/3/17,101.484093,0.003437376
2014/3/18,101.832932,-0.008783485
2014/3/19,100.938484,0.002747129
2014/3/20,101.215775,0.005920826
2014/3/21,101.815056,-0.004041112
2014/3/24,101.40361,0.004939449
2014/3/25,101.904488,-0.012639384
2014/3/26,100.616478,-0.004089171
2014/3/27,100.20504,-0.003302558
2014/3/28,99.874107,0.000178905
2014/3/31,99.891975,0.001611781
2014/4/1,100.052979,-0.002771512
2014/4/2,99.775681,0.001344867
2014/4/3,99.909866,-0.009400103
2014/4/4,98.970703,0.001265162
2014/4/7,99.095917,0.016878748
2014/4/8,100.768532,0.003461934
2014/4/9,101.117386,-0.008580424
2014/4/10,100.249756,0
2014/4/11,100.249756,0.004282744
2014/4/14,100.6791,-0.004442183
2014/4/15,100.231865,0.012761171
2014/4/16,101.510941,8.80102E-05
2014/4/17,101.519875,0.005286315
2014/4/21,102.056541,-0.004732612
2014/4/22,101.573547,0.010831235
2014/4/23,102.673714,0.002090856
2014/4/24,102.88839,-0.000173965
2014/4/25,102.870491,0.005043001
2014/4/28,103.389267,-0.001643662
2014/4/29,103.21933,0.002426241
2014/4/30,103.469765,-0.00103724
2014/5/1,103.362442,-0.003547846
2014/5/2,102.995728,-0.00573184
2014/5/5,102.405373,-0.014499044
2014/5/6,100.920593,-0.007533259
2014/5/7,100.160332,0.024557796
2014/5/8,102.620049,0.005752667
2014/5/9,103.210388,0.009706242
2014/5/12,104.212173,-0.001888378
2014/5/13,104.015381,-0.006943627
2014/5/14,103.293137,-0.006774884
2014/5/15,102.593338,0.011018873
2014/5/16,103.723801,0.006573747
2014/5/19,104.405655,-0.010655725
2014/5/20,103.293137,-0.005298319
2014/5/21,102.745857,0.001833874
2014/5/22,102.93428,0.001830304
2014/5/23,103.122681,-0.009309077
2014/5/27,102.162704,0.003249278
2014/5/28,102.494659,-0.000875372
2014/5/29,102.404938,0.016470798
2014/5/30,104.091629,-0.002930409
2014/6/2,103.786598,-0.001469544
2014/6/3,103.634079,0.006925743
2014/6/4,104.351822,0.012380972
2014/6/5,105.643799,0.004076273
2014/6/6,106.074432,-0.00380612
2014/6/9,105.6707,-0.005773597
2014/6/10,105.0606,-0.007344104
2014/6/11,104.289024,-0.006882172
2014/6/12,103.571289,-0.001212788
2014/6/13,103.445679,0.001127384
2014/6/16,103.562302,0.000173345
2014/6/17,103.580254,0.00710258
2014/6/18,104.315941,-8.60846E-05
2014/6/19,104.306961,-0.007741085
2014/6/20,103.499512,-0.001213706
2014/6/23,103.373894,0.009460106
2014/6/24,104.351822,-0.000343846
2014/6/25,104.315941,-0.005418453
2014/6/26,103.75071,-0.0012971
2014/6/27,103.616135,-0.002857345
2014/6/30,103.320068,0.002431483
2014/7/1,103.571289,0.002685319
2014/7/2,103.849411,0.00518339
2014/7/3,104.387703,-0.000257636
2014/7/7,104.360809,0.009800441
2014/7/8,105.383591,0.006959461
2014/7/9,106.117004,0.00135704
2014/7/10,106.261009,-0.000592842
2014/7/11,106.198013,-0.00550806
2014/7/14,105.613068,0.003919543
2014/7/15,106.027023,0.000254586
2014/7/16,106.054016,-0.008994426
2014/7/17,105.100121,0.008134405
2014/7/18,105.955048,-0.005945389
2014/7/21,105.325104,0.004357499
2014/7/22,105.784058,0.000340127
2014/7/23,105.820038,0.004677413
2014/7/24,106.315002,-0.004994065
2014/7/25,105.784058,-0.003658046
2014/7/28,105.397095,0.015198037
2014/7/29,106.998924,-0.006055444
2014/7/30,106.350998,-0.005415633
2014/7/31,105.77504,0.002892715
2014/8/1,106.081017,0.002290589
2014/8/4,106.324005,-0.000846366
2014/8/5,106.234016,0.013045247
2014/8/6,107.619865,-0.014967794
2014/8/7,106.009033,0.011545026
2014/8/8,107.23291,0.000167766
2014/8/11,107.2509,-0.001426412
2014/8/12,107.097916,-0.003109024
2014/8/13,106.764946,0.005225994
2014/8/14,107.322899,-0.005785587
2014/8/15,106.701973,0.007505981
2014/8/18,107.502876,0.009626691
2014/8/19,108.537773,0.002487374
2014/8/20,108.807747,0.005872109
2014/8/21,109.446678,-0.00271334
2014/8/22,109.149712,0.000824381
2014/8/25,109.239693,-0.002471391
2014/8/26,108.969719,0.001238895
2014/8/27,109.104721,-0.002227117
2014/8/28,108.861732,0.000909337
2014/8/29,108.960724,0.003964236
2014/9/2,109.39267,-0.001727611
2014/9/3,109.203682,0.03131453
2014/9/4,112.623344,0.014862114
2014/9/5,114.297165,-0.003227989
2014/9/8,113.928215,-0.003870472
2014/9/9,113.487259,0.000475701
2014/9/10,113.541245,-0.001822871
2014/9/11,113.334274,-0.004526098
2014/9/12,112.821312,0.002711979
2014/9/15,113.127281,0.005727549
2014/9/16,113.775223,-0.003321857
2014/9/17,113.397278,0.003729816
2014/9/18,113.820229,0.000158056
2014/9/19,113.838219,-0.005296358
2014/9/22,113.235291,-0.002543262
2014/9/23,112.947304,0.016811548
2014/9/24,114.846123,-0.01535822
2014/9/25,113.082291,-0.000954809
2014/9/26,112.974319,-0.001752451
2014/9/29,112.776337,0
2014/9/30,112.776337,-0.004468597
2014/10/1,112.272385,0.008255975
2014/10/2,113.199303,0.010334454
2014/10/3,114.369156,-0.00692414
2014/10/6,113.577248,-0.007447742
2014/10/7,112.731354,0.027620133
2014/10/8,115.845009,-0.002485899
2014/10/9,115.55703,0.003816047
2014/10/10,115.998001,-0.014972879
2014/10/13,114.261177,-0.00567071
2014/10/14,113.613235,-0.015445436
2014/10/15,111.858429,-0.010860755
2014/10/16,110.643562,0.013826661
2014/10/17,112.173393,0.030244801
2014/10/20,115.566055,0.014483604
2014/10/21,117.239868,0.001995661
2014/10/22,117.473839,0.000382979
2014/10/23,117.518829,-0.001148505
2014/10/24,117.383858,0.003679833
2014/10/27,117.815811,0.001069398
2014/10/28,117.941803,0.00663807
2014/10/29,118.724709,0.008110401
2014/10/30,119.687614,0.0027818
2014/10/31,120.020561,0.006748185
2014/11/3,120.830482,0.016980972
2014/11/4,122.882301,-0.000366497
2014/11/5,122.837265,0.004322589
2014/11/6,123.36824,0.004522728
2014/11/7,123.926201,-0.000145232
2014/11/10,123.908203,-0.004648199
2014/11/11,123.332253,0.001499373
2014/11/12,123.517174,0.013221603
2014/11/13,125.150269,-0.001658103
2014/11/14,124.942757,-7.23611E-05
2014/11/17,124.933716,0.005344322
2014/11/18,125.601402,0.005746218
2014/11/19,126.323135,-0.005427715
2014/11/20,125.637489,0.003375004
2014/11/21,126.061516,0.000572831
2014/11/24,126.133728,-0.006652551
2014/11/25,125.294617,0.006336872
2014/11/26,126.088593,0.016958751
2014/11/28,128.226898,-0.000985066
2014/12/1,128.100586,0.007607085
2014/12/2,129.075058,-0.002586456
2014/12/3,128.741211,0.0023125
2014/12/4,129.038925,0.001608197
2014/12/5,129.246445,-0.006422211
2014/12/8,128.416397,0.004988296
2014/12/9,129.056976,-0.019504827
2014/12/10,126.539742,0.008270674
2014/12/11,127.586311,-0.024962874
2014/12/12,124.40139,0.00224844
2014/12/15,124.681099,-0.006367934
2014/12/16,123.887138,0.014711116
2014/12/17,125.709656,0.016005143
2014/12/18,127.721657,0.001483687
2014/12/19,127.911156,0.01015694
2014/12/22,129.210342,0.006564064
2014/12/23,130.058487,-0.003468993
2014/12/24,129.607315,-0.001461746
2014/12/26,129.417862,-0.000697284
2014/12/29,129.327621,0.001046768
2014/12/30,129.462997,-0.012126423
2014/12/31,127.893074,-0.000987458
2015/1/2,127.766785,-0.011369442
2015/1/5,126.314148,0.01321441
2015/1/6,127.983315,0.01741284
2015/1/7,130.211868,0.008591836
2015/1/8,131.330627,-0.015388726
2015/1/9,129.309616,-0.005581967
2015/1/12,128.587814,-0.010033781
2015/1/13,127.297592,-0.01261613
2015/1/14,125.691589,0
2015/1/15,125.691589,0.002943132
2015/1/16,126.061516,-0.002433502
2015/1/20,125.754745,-0.001721653
2015/1/21,125.538239,0.015308228
2015/1/22,127.460007,0.005521465
2015/1/23,128.163773,0.00605416
2015/1/26,128.939697,-0.013435133
2015/1/27,127.207375,-0.009717078
2015/1/28,125.971291,0.007305411
2015/1/29,126.891563,0.016709606
2015/1/30,129.011871,0.021050342
2015/2/2,131.727615,0.053082271
2015/2/3,138.720016,0.014113724
2015/2/4,140.677872,-0.012125546
2015/2/5,138.972076,-0.002616144
2015/2/6,138.608505,-0.00780077
2015/2/9,137.527252,0.004609021
2015/2/10,138.161118,-0.002739077
2015/2/11,137.782684,0.002034392
2015/2/12,138.062988,-0.004466353
2015/2/13,137.44635,0.002922835
2015/2/17,137.848083,-0.00203342
2015/2/18,137.56778,-0.003803616
2015/2/19,137.044525,0.005931518
2015/2/20,137.857407,0.005761388
2015/2/23,138.651657,-0.001212982
2015/2/24,138.483475,-0.00492549
2015/2/25,137.801376,-0.005627868
2015/2/26,137.025848,0.002113893
2015/2/27,137.315506,0.006668548
2015/3/2,138.231201,-0.003853023
2015/3/3,137.698593,-0.001357124
2015/3/4,137.511719,0.027179414
2015/3/5,141.249207,-0.010782439
2015/3/6,139.726196,0.007623488
2015/3/9,140.791397,-0.016724459
2015/3/10,138.436737,-0.005129513
2015/3/11,137.726624,0.013839931
2015/3/12,139.632751,-0.001070594
2015/3/13,139.483261,0.004756284
2015/3/16,140.146683,0.000266528
2015/3/17,140.184036,0.00599885
2015/3/18,141.024979,0.002517682
2015/3/19,141.380035,0.008459469
2015/3/20,142.576035,0.002227983
2015/3/23,142.893692,0.001373245
2015/3/24,143.08992,-0.013386561
2015/3/25,141.174438,-0.006816893
2015/3/26,140.212067,0.002732197
2015/3/27,140.595154,0.012627135
2015/3/30,142.370468,-0.005709836
2015/3/31,141.557556,-0.008316914
2015/4/1,140.380234,0.009251887
2015/4/2,141.679016,0.005737702
2015/4/6,142.491928,-0.004721285
2015/4/7,141.819183,0.001449282
2015/4/8,142.024719,-0.020986635
2015/4/9,139.044098,0.005577461
2015/4/10,139.819611,-0.004142981
2015/4/13,139.240341,0.003355084
2015/4/14,139.707504,-0.003009545
2015/4/15,139.287048,-0.013148207
2015/4/16,137.455673,-0.017266199
2015/4/17,135.082336,0.0120358
2015/4/20,136.70816,0.007039946
2015/4/21,137.670578,-0.002443478
2015/4/22,137.334183,0.002177251
2015/4/23,137.633194,0.005566782
2015/4/24,138.399368,-0.007831409
2015/4/27,137.315506,-0.002381566
2015/4/28,136.98848,-0.011969021
2015/4/29,135.348862,-0.009760407
2015/4/30,134.027802,0.016357785
2015/5/1,136.2202,0.002475991
2015/5/4,136.55748,-0.008576191
2015/5/5,135.386337,0.001868549
2015/5/6,135.639313,-0.001450627
2015/5/7,135.442551,0.009131104
2015/5/8,136.679291,-0.011036449
2015/5/11,135.170837,-0.001386342
2015/5/12,134.983444,-0.005760951
2015/5/13,134.205811,-0.004467951
2015/5/14,133.606186,0.015637936
2015/5/15,135.695511,0.001588114
2015/5/18,135.911011,-0.002206002
2015/5/19,135.611191,-0.008636035
2015/5/20,134.440048,0.003135978
2015/5/21,134.861649,-0.001806236
2015/5/22,134.618057,-0.00299286
2015/5/26,134.215164,0.015148266
2015/5/27,136.248291,-0.007976893
2015/5/28,135.161453,-0.011576281
2015/5/29,133.596786,-0.001402676
2015/6/1,133.409393,-0.006952779
2015/6/2,132.481827,0.005162897
2015/6/3,133.165817,-0.01041313
2015/6/4,131.779144,-0.013295427
2015/6/5,130.027084,-0.005260012
2015/6/8,129.34314,-7.25589E-05
2015/6/9,129.333755,0.010069591
2015/6/10,130.636093,-0.000788894
2015/6/11,130.533035,-0.003876038
2015/6/12,130.027084,-0.01116875
2015/6/15,128.574844,0.005465167
2015/6/16,129.277527,0.006522882
2015/6/17,130.120789,0.011664716
2015/6/18,131.638611,-0.001423427
2015/6/19,131.451233,-0.000784002
2015/6/22,131.348175,-0.003852098
2015/6/23,130.842209,-0.009380314
2015/6/24,129.614868,-0.006433621
2015/6/25,128.780975,0.004438031
2015/6/26,129.352509,-0.017166548
2015/6/29,127.131973,-0.004643096
2015/6/30,126.541687,0.010587918
2015/7/1,127.8815,-0.000732561
2015/7/2,127.787819,-0.003739237
2015/7/6,127.30999,0.034000639
2015/7/7,131.638611,-0.004270396
2015/7/8,131.076462,-0.00321668
2015/7/9,130.654831,0.023449435
2015/7/10,133.718613,0.009388955
2015/7/13,134.974091,-0.000902477
2015/7/14,134.85228,-0.00208437
2015/7/15,134.571198,0.004873539
2015/7/16,135.227036,0.002425003
2015/7/17,135.554962,0.00248826
2015/7/20,135.892258,-0.000689436
2015/7/21,135.798569,0.009935171
2015/7/22,137.147751,-0.005328815
2015/7/23,136.416916,-0.004189385
2015/7/24,135.845413,-0.005103691
2015/7/27,135.1521,0.002079635
2015/7/28,135.433167,0.00574205
2015/7/29,136.210831,-0.000550375
2015/7/30,136.135864,0
2015/7/31,136.135864,0.001514156
2015/8/3,136.341995,-0.004673028
2015/8/4,135.704865,0.01415373
2015/8/5,137.625595,-0.0030635
2015/8/6,137.203979,-0.008057893
2015/8/7,136.098404,0.006815407
2015/8/10,137.02597,-0.002461767
2015/8/11,136.688644,0.006873614
2015/8/12,137.628189,-0.008328192
2015/8/13,136.481995,0.005644481
2015/8/14,137.252365,0
2015/8/17,137.252365,-0.003148645
2015/8/18,136.820206,-0.003158598
2015/8/19,136.388046,-0.010057362
2015/8/20,135.016342,-0.032843787
2015/8/21,130.581894,-0.043312636
2015/8/24,124.926048,-0.001955133
2015/8/25,124.681801,0.041066755
2015/8/26,129.802078,0.014837937
2015/8/27,131.728073,-0.001854411
2015/8/28,131.483795,0.000714643
2015/8/31,131.577759,-0.012495653
2015/9/1,129.933609,0.015328944
2015/9/2,131.925354,0.00042737
2015/9/3,131.981735,-0.014237031
2015/9/4,130.102707,0.02130287
2015/9/8,132.874268,-0.012373728
2015/9/9,131.230118,0.00236259
2015/9/10,131.540161,0.007428241
2015/9/11,132.517273,0.000708836
2015/9/14,132.611206,0.009068314
2015/9/15,133.813766,0.00828497
2015/9/16,134.922409,-0.001810277
2015/9/17,134.678162,-0.010743278
2015/9/18,133.231277,0.009872367
2015/9/21,134.546585,-0.003910452
2015/9/22,134.020447,0.019488302
2015/9/23,136.632278,-0.003850759
2015/9/24,136.10614,0.004694248
2015/9/25,136.745056,-0.013741213
2015/9/28,134.866013,0.001184235
2015/9/29,135.025726,0.005914428
2015/9/30,135.824326,-6.93175E-05
2015/10/1,135.814911,0.00899293
2015/10/2,137.036285,0.015151418
2015/10/5,139.112579,0.002296183
2015/10/6,139.432007,-0.003032015
2015/10/7,139.009247,0.025006833
2015/10/8,142.485428,0.015231326
2015/10/9,144.65567,-0.002208189
2015/10/12,144.336243,-0.008787516
2015/10/13,143.067886,-0.016022869
2015/10/14,140.775528,0.012880421
2015/10/15,142.588776,0.001910599
2015/10/16,142.861206,0.007628691
2015/10/19,143.95105,0.008745515
2015/10/20,145.209976,0.004205544
2015/10/21,145.820663,0.01894187
2015/10/22,148.582779,-0.015238374
2015/10/23,146.318619,0.006356669
2015/10/26,147.248718,0.00657165
2015/10/27,148.216385,0
2015/10/28,148.216385,0.003296336
2015/10/29,148.704956,-0.001011029
2015/10/30,148.554611,0.006514083
2015/11/2,149.522308,-0.002199077
2015/11/3,149.193497,-0.010390439
2015/11/4,147.643311,-0.005599759
2015/11/5,146.816544,0.008190903
2015/11/6,148.019104,-0.015169812
2015/11/9,145.773682,0.010661726
2015/11/10,147.327881,-0.000127912
2015/11/11,147.309036,-0.002493873
2015/11/12,146.941666,-0.014935873
2015/11/13,144.746964,0.018090818
2015/11/16,147.365555,0.015595972
2015/11/17,149.663864,0.014853031
2015/11/18,151.886826,0.009798414
2015/11/19,153.375076,0.001658249
2015/11/20,153.62941,0.002145852
2015/11/23,153.959076,-0.00770873
2015/11/24,152.772247,0.00123311
2015/11/25,152.960632,0.007328003
2015/11/27,154.081528,-0.013204548
2015/11/30,152.046951,-0.000805455
2015/12/1,151.924484,-0.001239991
2015/12/2,151.736099,0.016016011
2015/12/3,154.166306,0.019123874
2015/12/4,157.114563,0.00191839
2015/12/7,157.41597,0.010471568
2015/12/8,159.064362,-0.054183721
2015/12/9,150.445663,0.013398512
2015/12/10,152.461411,-0.011367827
2015/12/11,150.728256,0.011373514
2015/12/14,152.442566,-0.003398539
2015/12/15,151.924484,0.009114127
2015/12/16,153.309143,-0.012779694
2015/12/17,151.349899,-0.018546071
2015/12/18,148.542953,0.010716591
2015/12/21,150.134827,0.011543984
2015/12/22,151.867981,0.002977349
2015/12/23,152.320145,0.000247334
2015/12/24,152.357819,-0.003647703
2015/12/28,151.802063,0.009307436
2015/12/29,153.214951,0.000307535
2015/12/30,153.26207,-0.007436648
2015/12/31,152.122314,-0.012136425
2016/1/4,150.276093,0.002444634
2016/1/5,150.643463,-0.009254122
2016/1/6,149.24939,-0.022909032
2016/1/7,145.830231,-0.017504423
2016/1/8,143.277557,0.017158661
2016/1/11,145.736008,0.008660701
2016/1/12,146.998184,-0.025246754
2016/1/13,143.286957,0.006968248
2016/1/14,144.285416,-0.018213733
2016/1/15,141.65744,0.000531797
2016/1/19,141.732773,-0.010965488
2016/1/20,140.178604,0.010482277
2016/1/21,141.647995,0.022011099
2016/1/22,144.765823,-0.018934531
2016/1/25,142.02475,-0.015121188
2016/1/26,139.877167,-0.005185235
2016/1/27,139.151871,0.012590553
2016/1/28,140.90387,0.010227867
2016/1/29,142.345016,0.000860466
2016/2/1,142.467499,-0.018181915
2016/2/2,139.877167,-0.012121213
2016/2/3,138.181686,-0.023312822
2016/2/4,134.960281,0.004955369
2016/2/5,135.629059,0.021043057
2016/2/8,138.483109,0.006257745
2016/2/9,139.349701,0.003456584
2016/2/10,139.831375,-0.009456147
2016/2/11,138.509109,0.013637818
2016/2/12,140.398071,0.003094409
2016/2/16,140.83252,0.012071594
2016/2/17,142.532593,-0.014975676
2016/2/18,140.398071,0.000336372
2016/2/19,140.445297,0.009146024
2016/2/22,141.729813,0.001999262
2016/2/23,142.013168,0.023343786
2016/2/24,145.328293,0.00552412
2016/2/25,146.131104,-0.032575022
2016/2/26,141.37088,0.002338402
2016/2/29,141.701462,0.003266014
2016/3/1,142.164261,0.01508102
2016/3/2,144.308243,-0.007788412
2016/3/3,143.184311,-0.004617461
2016/3/4,142.523163,-0.018091417
2016/3/7,139.944717,0.018762209
2016/3/8,142.570389,0.013911928
2016/3/9,144.553818,-0.001176129
2016/3/10,144.383804,-0.001046461
2016/3/11,144.232712,-0.000262049
2016/3/14,144.194916,0.009890515
2016/3/15,145.621078,-0.000778438
2016/3/16,145.507721,-0.001427856
2016/3/17,145.299957,-0.004485115
2016/3/18,144.64827,0.005158195
2016/3/21,145.394394,-0.011108179
2016/3/22,143.779327,0.008408295
2016/3/23,144.988266,-0.013549531
2016/3/24,143.023743,0.008188661
2016/3/28,144.194916,0.016964627
2016/3/29,146.641129,0.015071577
2016/3/30,148.851242,-0.000127013
2016/3/31,148.832336,0.004251751
2016/4/1,149.465134,-0.00328585
2016/4/4,148.974014,-0.011031468
2016/4/5,147.330612,0.005000285
2016/4/6,148.067307,-0.030235358
2016/4/7,143.590439,-0.002499588
2016/4/8,143.231522,-0.017144571
2016/4/11,140.775879,0.009862357
2016/4/12,142.164261,0.009035428
2016/4/13,143.448776,-0.003160494
2016/4/14,142.995407,0.011690956
2016/4/15,144.66716,0.000848866
2016/4/18,144.789963,0.002478666
2016/4/19,145.148849,-0.006116494
2016/4/20,144.261047,-0.008642208
2016/4/21,143.014313,-0.009906232
2016/4/22,141.59758,0.010605471
2016/4/25,143.099289,0.007194375
2016/4/26,144.128799,-0.002497558
2016/4/27,143.768829,-0.002174366
2016/4/28,143.456223,-0.021856835
2016/4/29,140.320724,0.018902233
2016/5/2,142.973099,0.003180402
2016/5/3,143.427811,0.000660235
2016/5/4,143.522507,-0.024222696
2016/5/5,140.046005,-0.009469652
2016/5/6,138.719818,0.014681875
2016/5/9,140.756485,0.006527969
2016/5/10,141.675339,-0.016314561
2016/5/11,139.363968,-0.002718823
2016/5/12,138.985062,-0.015130993
2016/5/13,136.88208,0.008927392
2016/5/16,138.10408,-0.015021562
2016/5/17,136.029541,-0.016086337
2016/5/18,133.841324,0.009979332
2016/5/19,135.176971,-6.99823E-05
2016/5/20,135.167511,-0.004765568
2016/5/23,134.523361,0.003943345
2016/5/24,135.053833,0.013817712
2016/5/25,136.919968,0.035768786
2016/5/26,141.817429,-0.00420803
2016/5/27,141.220657,-0.002079512
2016/5/31,140.926987,0.025206719
2016/6/1,144.479294,-0.006622312
2016/6/2,143.522507,0.001320232
2016/6/3,143.71199,0.003493515
2016/6/6,144.21405,0.002496081
2016/6/7,144.57402,0.004914092
2016/6/8,145.28447,0.004433709
2016/6/9,145.928619,0.005323013
2016/6/10,146.705399,0.000516511
2016/6/13,146.781174,0.005937444
2016/6/14,147.652679,-0.006479774
2016/6/15,146.695923,0.010073579
2016/6/16,148.173676,-0.00338822
2016/6/17,147.671631,0.003784532
2016/6/20,148.230499,0.0046013
2016/6/21,148.912552,0.005852361
2016/6/22,149.784042,-0.006893365
2016/6/23,148.751526,-0.009361262
2016/6/24,147.359024,-0.008356977
2016/6/27,146.127548,0.008686788
2016/6/28,147.396927,0.009511474
2016/6/29,148.798889,-0.000254726
2016/6/30,148.760986,-0.005922023
2016/7/1,147.88002,-0.005508865
2016/7/5,147.065369,0.004895374
2016/7/6,147.785309,0.049291611
2016/7/7,155.069885,0.010629208
2016/7/8,156.718155,0.007736972
2016/7/11,157.930679,-0.00263919
2016/7/12,157.51387,0.003006929
2016/7/13,157.987503,0.000959449
2016/7/14,158.139084,-0.0031748
2016/7/15,157.637024,0.006610167
2016/7/18,158.679031,0.003641439
2016/7/19,159.256851,-0.000475898
2016/7/20,159.181061,-0.005891247
2016/7/21,158.243286,0.002514217
2016/7/22,158.641144,0.002985562
2016/7/25,159.114777,-0.002381344
2016/7/26,158.73587,-0.00847397
2016/7/27,157.390747,0.001203711
2016/7/28,157.5802,0.005229794
2016/7/29,158.404312,0.002033297
2016/8/1,158.726395,-0.006326201
2016/8/2,157.72226,-0.002282309
2016/8/3,157.362289,0.002588606
2016/8/4,157.769638,0.006904725
2016/8/5,158.858994,-0.001788882
2016/8/8,158.574814,0.002747977
2016/8/9,159.010574,0.005256449
2016/8/10,159.846405,-0.002436114
2016/8/11,159.457001,0.006909549
2016/8/12,160.558777,-0.001833808
2016/8/15,160.264343,-0.001896492
2016/8/16,159.960403,-0.002671899
2016/8/17,159.533005,-0.001250487
2016/8/18,159.333511,0.001609643
2016/8/19,159.589981,-0.000476245
2016/8/22,159.513977,-0.003453635
2016/8/23,158.963074,0.001254776
2016/8/24,159.162537,-0.016172279
2016/8/25,156.588516,-0.005641193
2016/8/26,155.70517,0.000305064
2016/8/29,155.75267,-0.012318505
2016/8/30,153.83403,0.000802547
2016/8/31,153.957489,-0.036276092
2016/9/1,148.372513,0.011330825
2016/9/2,150.053696,0.000506305
2016/9/6,150.129669,-0.015310451
2016/9/7,147.831116,-0.013942545
2016/9/8,145.769974,-0.018049067
2016/9/9,143.138962,0.006569302
2016/9/12,144.079285,-0.00626283
2016/9/13,143.176941,-0.000331548
2016/9/14,143.129471,0.013139362
2016/9/15,145.010101,-0.002095778
2016/9/16,144.706192,-0.003675869
2016/9/19,144.174271,0.002503436
2016/9/20,144.535202,0.003482909
2016/9/21,145.038605,0.002946898
2016/9/22,145.466019,-0.004048148
2016/9/23,144.877151,-0.008785243
2016/9/26,143.60437,-0.004894454
2016/9/27,142.901505,-0.006912404
2016/9/28,141.913712,-0.012850555
2016/9/29,140.090042,0.034035945
2016/9/30,144.858139,-0.009835333
2016/10/3,143.433411,-0.003509663
2016/10/4,142.930008,-0.003322815
2016/10/5,142.455078,-0.0034003
2016/10/6,141.970688,0.003478859
2016/10/7,142.464584,0.001933477
2016/10/10,142.740036,0.004857607
2016/10/11,143.433411,-0.003642108
2016/10/12,142.911011,-0.001595167
2016/10/13,142.683044,-0.000466047
2016/10/14,142.616547,-0.009656965
2016/10/17,141.239304,0.002757157
2016/10/18,141.628723,0.002280385
2016/10/19,141.951691,0.003947561
2016/10/20,142.512054,-0.007131299
2016/10/21,141.495758,0.021145107
2016/10/24,144.487701,-0.007428231
2016/10/25,143.414413,-6.62834E-05
2016/10/26,143.404907,-0.000794729
2016/10/27,143.290939,-0.007291668
2016/10/28,142.246109,-0.012620141
2016/10/31,140.450943,-0.008182871
2016/11/1,139.301651,0.00041044
2016/11/2,139.358826,-0.012442872
2016/11/3,137.624802,-0.015299393
2016/11/4,135.519226,0.009139567
2016/11/7,136.757813,0.017765011
2016/11/8,139.187317,0.004791608
2016/11/9,139.854248,-0.000613167
2016/11/10,139.768494,0.018132355
2016/11/11,142.302826,0.017675397
2016/11/14,144.818085,-0.00559205
2016/11/15,144.008255,0.006549777
2016/11/16,144.951477,-0.006178509
2016/11/17,144.055893,-0.005555649
2016/11/18,143.255569,0.005387079
2016/11/21,144.027298,0.009922584
2016/11/22,145.456421,-0.007008457
2016/11/23,144.436996,0.001846964
2016/11/25,144.703766,-0.004148026
2016/11/28,144.103531,0.001520546
2016/11/29,144.322647,-0.009043986
2016/11/30,143.017395,0.010858672
2016/12/1,144.570374,0.002306489
2016/12/2,144.903824,-0.002103954
2016/12/5,144.598953,-0.005007574
2016/12/6,143.874863,0.018806795
2016/12/7,146.580688,0.024309226
2016/12/8,150.143951,0.013389251
2016/12/9,152.154266,0.003944812
2016/12/12,152.754486,-0.003492683
2016/12/13,152.220963,-0.004881943
2016/12/14,151.477829,0.007044344
2016/12/15,152.544891,0.001873632
2016/12/16,152.830704,0.019013941
2016/12/19,155.736618,0.002447003
2016/12/20,156.117706,-0.005004333
2016/12/21,155.336441,-0.005949338
2016/12/22,154.412292,6.16661E-05
2016/12/23,154.421814,-0.000185077
2016/12/27,154.393234,-0.006417865
2016/12/28,153.402359,0.000745321
2016/12/29,153.516693,-0.006330269
2016/12/30,152.544891,-0.002373367
2017/1/3,152.182846,0.000187899
2017/1/4,152.211441,0.019717046
2017/1/5,155.212601,-0.000491152
2017/1/6,155.136368,-0.011422918
2017/1/9,153.364258,0.004286488
2017/1/10,154.021652,-0.000742422
2017/1/11,153.907303,0.002042931
2017/1/12,154.221725,-6.16385E-05
2017/1/13,154.212219,0.012047353
2017/1/17,156.070068,0.002808117
2017/1/18,156.508331,-0.003469943
2017/1/19,155.965256,0.003298786
2017/1/20,156.479752,-0.00748909
2017/1/23,155.307861,0.004048733
2017/1/24,155.936661,0.002871775
2017/1/25,156.384476,-0.000426391
2017/1/26,156.317795,-0.012250934
2017/1/27,154.402756,0.007342965
2017/1/30,155.53653,0.004287739
2017/1/31,156.20343,-0.01274755
2017/2/1,154.212219,0.038860624
2017/2/2,160.205002,0.001011123
2017/2/3,160.366989,-0.007664171
2017/2/6,159.137909,0.002933764
2017/2/7,159.604782,0.008080416
2017/2/8,160.894455,0.015081402
2017/2/9,163.320969,0.006083297
2017/2/10,164.314499,-0.000232621
2017/2/13,164.276276,0.009711579
2017/2/14,165.871658,0.007890299
2017/2/15,167.180435,0.004285741
2017/2/16,167.896927,0.000625902
2017/2/17,168.002014,0.006141224
2017/2/21,169.033752,-0.002430266
2017/2/22,168.622955,-0.00373907
2017/2/23,167.992462,0.009724192
2017/2/24,169.626053,0.000337873
2017/2/27,169.683365,-0.002477255
2017/2/28,169.263016,0.003837974
2017/3/1,169.912643,0.0006747
2017/3/2,170.027283,-0.04337575
2017/3/3,162.652222,-0.020732911
2017/3/6,159.279968,0.001619475
2017/3/7,159.537918,-0.004551012
2017/3/8,158.811859,-0.002827182
2017/3/9,158.362869,-0.002413072
2017/3/10,157.980728,-0.004958453
2017/3/13,157.197388,0.004193225
2017/3/14,157.856552,0.007867352
2017/3/15,159.098465,0.003122375
2017/3/16,159.59523,0.004489238
2017/3/17,160.311691,-0.002204699
2017/3/20,159.958252,-0.003941703
2017/3/21,159.327744,0.005396147
2017/3/22,160.1875,-0.004651624
2017/3/23,159.442368,-0.005272551
2017/3/24,158.6017,0.000783037
2017/3/27,158.725891,0.003731597
2017/3/28,159.318192,0.003957445
2017/3/29,159.948685,0.002747369
2017/3/30,160.388123,-0.00119121
2017/3/31,160.197067,-0.005903697
2017/4/3,159.251312,0.00329932
2017/4/4,159.776733,-0.001494679
2017/4/5,159.537918,0.018083726
2017/4/6,162.422958,0.003529039
2017/4/7,162.996155,0.003516531
2017/4/10,163.569336,-0.003445811
2017/4/11,163.005707,-0.002695936
2017/4/12,162.566254,-0.007815792
2017/4/13,161.29567,0.005093621
2017/4/17,162.117249,0.00253395
2017/4/18,162.528046,-0.000411498
2017/4/19,162.461166,0.00052916
2017/4/20,162.547134,0.003643965
2017/4/21,163.13945,0.009135099
2017/4/24,164.629745,0.002030927
2017/4/25,164.964096,0.02385921
2017/4/26,168.900009,0.003676477
2017/4/27,169.520966,0.000394518
2017/4/28,169.587845,0.00191522
2017/5/1,169.912643,0.004104391
2017/5/2,170.610031,0.00688725
2017/5/3,171.785065,0.014625724
2017/5/4,174.297546,-0.012332216
2017/5/5,172.148071,-0.003233141
2017/5/8,171.591492,0.000231649
2017/5/9,171.631241,-0.004820492
2017/5/10,170.803894,-0.000525292
2017/5/11,170.714172,-0.00221882
2017/5/12,170.335388,0.004037945
2017/5/15,171.023193,-0.003322304
2017/5/16,170.455002,-0.010818785
2017/5/17,168.610886,0.009281827
2017/5/18,170.175903,0.005388859
2017/5/19,171.092957,0.004427903
2017/5/22,171.85054,0.000406045
2017/5/23,171.920319,0.003130921
2017/5/24,172.458588,0.00994165
2017/5/25,174.173111,0.017913362
2017/5/26,177.293137,0.005959763
2017/5/30,178.349762,0.008439445
2017/5/31,179.854935,0.001108593
2017/6/1,180.054321,0.001882282
2017/6/2,180.393234,0.006133606
2017/6/5,181.499695,-0.003460094
2017/6/6,180.871689,0.004133422
2017/6/7,181.619308,-0.004335855
2017/6/8,180.831833,-0.00567775
2017/6/9,179.805115,-0.004102531
2017/6/12,179.067459,0.004843052
2017/6/13,179.934692,0.006426198
2017/6/14,181.090988,-0.008862164
2017/6/15,179.48613,-0.071920443
2017/6/16,166.577408,-0.016575987
2017/6/19,163.816223,-0.008762313
2017/6/20,162.380814,0.001534701
2017/6/21,162.63002,-0.020594623
2017/6/22,159.280716,-0.016646742
2017/6/23,156.629211,0.019537939
2017/6/26,159.689423,-0.005867715
2017/6/27,158.752411,0.005713954
2017/6/28,159.659515,-0.009302671
2017/6/29,158.174255,0.007877502
2017/6/30,159.420273,-0.006940428
2017/7/3,158.313828,-0.005037178
2017/7/5,157.516373,-0.005885407
2017/7/6,156.589325,-0.018969939
2017/7/7,153.618835,-0.020180449
2017/7/10,150.518738,0.000728474
2017/7/11,150.628387,0.00423539
2017/7/12,151.266357,0.012191085
2017/7/13,153.110458,-0.003906219
2017/7/14,152.512375,-0.001045817
2017/7/17,152.352875,-0.008767304
2017/7/18,151.017151,-0.001716169
2017/7/19,150.75798,-0.001652921
2017/7/20,150.508789,-0.003642731
2017/7/21,149.960526,0.003722393
2017/7/24,150.518738,0.014370875
2017/7/25,152.681824,-0.007050964
2017/7/26,151.60527,0.002827309
2017/7/27,152.033905,0.002425906
2017/7/28,152.402725,0.036758411
2017/7/31,158.004807,0.007633603
2017/8/1,159.210953,0.00976706
2017/8/2,160.765976,-0.020895298
2017/8/3,157.406723,-0.009309113
2017/8/4,155.941406,0.003260051
2017/8/7,156.449783,0.005097195
2017/8/8,157.247238,-0.005641918
2017/8/9,156.360062,-0.001402532
2017/8/10,156.140762,6.38142E-05
2017/8/11,156.150726,0.008043491
2017/8/14,157.406723,-0.006522707
2017/8/15,156.380005,0.021613952
2017/8/16,159.759995,-0.007448598
2017/8/17,158.570007,-0.009396512
2017/8/18,157.080002,-6.363E-05
2017/8/21,157.070007,0.010377475
2017/8/22,158.699997,0.00422179
2017/8/23,159.369995,-0.050448599
2017/8/24,151.330002,0.007401011
2017/8/25,152.449997,0.000655992
2017/8/28,152.550003,0.006620747
2017/8/29,153.559998,0.005730685
2017/8/30,154.440002,0.014892534
2017/8/31,156.740005,0.009569988
2017/9/1,158.240005,0.005687525
2017/9/5,159.139999,-0.001759445
2017/9/6,158.860001,0.002643825
2017/9/7,159.279999,-0.012368163
2017/9/8,157.309998,0.000317863
2017/9/11,157.360001,0.017030961
2017/9/12,160.039993,0.018432968
2017/9/13,162.990005,-0.003803976
2017/9/14,162.369995,-0.000431065
2017/9/15,162.300003,-0.008564381
2017/9/18,160.910004,0.004039488
2017/9/19,161.559998,0.007984699
2017/9/20,162.850006,-0.008412711
2017/9/21,161.479996,-0.001176635
2017/9/22,161.289993,0.006448069
2017/9/25,162.330002,0.010718937
2017/9/26,164.070007,0.002133181
2017/9/27,164.419998,-0.003162657
2017/9/28,163.899994,0.002379494
2017/9/29,164.289993,0.009738913
2017/10/2,165.889999,-0.004882736
2017/10/3,165.080002,0.000787527
2017/10/4,165.210007,0.011258398
2017/10/5,167.070007,
